portfolio,one_way_cost_bps,cagr,volatility,sharpe_0rf,max_drawdown,active_return_arithmetic,tracking_error,information_ratio
equal_weight,0,0.018967111600270092,0.07018085145998672,0.27026049421876996,-0.20533527836467047,0.0024689504264319914,0.016958098006333192,0.14559123467206841
equal_weight,5,0.018932249236792043,0.07018099741113962,0.26976318284395007,-0.20542966442419608,0.0024347070682078018,0.016957871696051646,0.14357385831470126
equal_weight,10,0.0188973879178993,0.07018114404794673,0.269265885791045,-0.20552403962518695,0.002400463709983611,0.016957648221663662,0.14155640443802703
minimum_volatility,0,0.02521243047124888,0.04053580146312606,0.6219793259591453,-0.11192628067304489,0.006970577181697168,0.021069110802358338,0.3308434440867304
minimum_volatility,5,0.025187992584633,0.04053620482087239,0.6213702712411675,-0.11195858476639808,0.006946710429137779,0.021069208553088015,0.3297091303469789
minimum_volatility,10,0.025163555200100607,0.040536608944847285,0.6207612292961474,-0.11199088781356548,0.006922843676578397,0.021069307785283112,0.3285748040291099
maximum_sharpe,0,0.027168238454427174,0.04374580017727813,0.6210479256140923,-0.11824527008779806,0.009014159715836079,0.021167671108424588,0.4258456052942218
maximum_sharpe,5,0.027139933305740938,0.04374628637307847,0.6203939935446244,-0.11828191978501046,0.008986567709381513,0.021168316117997427,0.42452917177200883
maximum_sharpe,10,0.027111628828125012,0.04374677353751223,0.6197400776282891,-0.11831856812225172,0.008958975702926952,0.021168963120815617,0.4232127786229415
